{
  "scale_": [
    1.000102564102564,
    7.64331210191083,
    0.10752688172043014,
    2.2172949002217295,
    1.0006949270326615
  ],
  "min_": [
    0.0,
    0.5299363057324842,
    -2.8494623655913984,
    -0.9068736141906873,
    0.0
  ]
}